date,year,month,dayofyear,dayOfMonth,dayOfWeek,week,SaleAmount
2019-06-01,2019,6,152,1,1,22,10800
2019-06-02,2019,6,153,2,2,22,29100
2019-06-03,2019,6,154,3,3,22,34200
2019-06-04,2019,6,155,4,4,22,29400
2019-06-05,2019,6,156,5,5,22,28200
2019-06-06,2019,6,157,6,6,22,25800
2019-06-07,2019,6,158,7,7,22,11100
2019-06-08,2019,6,159,8,1,23,11100
2019-06-09,2019,6,160,9,2,23,33000
2019-06-10,2019,6,161,10,3,23,39900
2019-06-11,2019,6,162,11,4,23,39900
2019-06-12,2019,6,163,12,5,23,36300
2019-06-13,2019,6,164,13,6,23,37200
2019-06-14,2019,6,165,14,7,23,16800
2019-06-15,2019,6,166,15,1,24,12900
2019-06-16,2019,6,167,16,2,24,54300
2019-06-17,2019,6,168,17,3,24,45300
2019-06-18,2019,6,169,18,4,24,42900
2019-06-19,2019,6,170,19,5,24,33300
2019-06-20,2019,6,171,20,6,24,37500
2019-06-21,2019,6,172,21,7,24,13800
2019-06-22,2019,6,173,22,1,25,14100
2019-06-23,2019,6,174,23,2,25,31500
2019-06-24,2019,6,175,24,3,25,21000
2019-06-25,2019,6,176,25,4,25,23100
2019-06-26,2019,6,177,26,5,25,23700
2019-06-27,2019,6,178,27,6,25,14100
2019-06-28,2019,6,179,28,7,25,9300
2019-06-29,2019,6,180,29,1,26,6600
2019-06-30,2019,6,181,30,2,26,21600
2019-07-01,2019,7,182,1,3,26,16200
2019-07-02,2019,7,183,2,4,26,23700
2019-07-03,2019,7,184,3,5,26,19800
2019-07-04,2019,7,185,4,6,26,21300
2019-07-05,2019,7,186,5,7,26,9600
2019-07-06,2019,7,187,6,1,27,4800
2019-07-07,2019,7,188,7,2,27,17700
2019-07-08,2019,7,189,8,3,27,18000
2019-07-09,2019,7,190,9,4,27,16800
2019-07-10,2019,7,191,10,5,27,18600
2019-07-11,2019,7,192,11,6,27,15600
2019-07-12,2019,7,193,12,7,27,9600
2019-07-13,2019,7,194,13,1,28,4500
2019-07-14,2019,7,195,14,2,28,22500
2019-07-15,2019,7,196,15,3,28,18000
2019-07-16,2019,7,197,16,4,28,15900
2019-07-17,2019,7,198,17,5,28,15900
2019-07-18,2019,7,199,18,6,28,17100
2019-07-19,2019,7,200,19,7,28,8100
2019-07-20,2019,7,201,20,1,29,9900
2019-07-21,2019,7,202,21,2,29,20100
2019-07-22,2019,7,203,22,3,29,20400
2019-07-23,2019,7,204,23,4,29,18900
2019-07-24,2019,7,205,24,5,29,14400
2019-07-25,2019,7,206,25,6,29,15300
2019-07-26,2019,7,207,26,7,29,10200
2019-07-27,2019,7,208,27,1,30,7200
2019-07-28,2019,7,209,28,2,30,14400
2019-07-29,2019,7,210,29,3,30,17400
2019-07-30,2019,7,211,30,4,30,14100
2019-07-31,2019,7,212,31,5,30,14100
2019-08-01,2019,8,213,1,6,30,15300
2019-08-02,2019,8,214,2,7,30,5400
2019-08-03,2019,8,215,3,1,31,7500
2019-08-04,2019,8,216,4,2,31,15900
2019-08-05,2019,8,217,5,3,31,15300
2019-08-06,2019,8,218,6,4,31,12000
2019-08-07,2019,8,219,7,5,31,16800
2019-08-08,2019,8,220,8,6,31,12600
2019-08-09,2019,8,221,9,7,31,7200
2019-08-10,2019,8,222,10,1,32,7800
2019-08-11,2019,8,223,11,2,32,18000
2019-08-12,2019,8,224,12,3,32,15000
2019-08-13,2019,8,225,13,4,32,21600
2019-08-14,2019,8,226,14,5,32,19200
2019-08-15,2019,8,227,15,6,32,13200
2019-08-16,2019,8,228,16,7,32,10800
2019-08-17,2019,8,229,17,1,33,9900
2019-08-18,2019,8,230,18,2,33,21600
2019-08-19,2019,8,231,19,3,33,17700
2019-08-20,2019,8,232,20,4,33,21000
2019-08-21,2019,8,233,21,5,33,18300
2019-08-22,2019,8,234,22,6,33,20100
2019-08-23,2019,8,235,23,7,33,13500
2019-08-24,2019,8,236,24,1,34,6300
2019-08-25,2019,8,237,25,2,34,15900
2019-08-26,2019,8,238,26,3,34,18000
2019-08-27,2019,8,239,27,4,34,17700
2019-08-28,2019,8,240,28,5,34,20700
2019-08-29,2019,8,241,29,6,34,15000
2019-08-30,2019,8,242,30,7,34,7200
2019-08-31,2019,8,243,31,1,35,8100
2019-09-01,2019,9,244,1,2,35,13800
2019-09-02,2019,9,245,2,3,35,15900
2019-09-03,2019,9,246,3,4,35,15300
2019-09-04,2019,9,247,4,5,35,17100
2019-09-05,2019,9,248,5,6,35,16200
2019-09-06,2019,9,249,6,7,35,11400
2019-09-07,2019,9,250,7,1,36,7800
2019-09-08,2019,9,251,8,2,36,34200
2019-09-09,2019,9,252,9,3,36,27300
2019-09-10,2019,9,253,10,4,36,25500
2019-09-11,2019,9,254,11,5,36,19800
2019-09-12,2019,9,255,12,6,36,21300
2019-09-13,2019,9,256,13,7,36,12300
2019-09-14,2019,9,257,14,1,37,10200
2019-09-15,2019,9,258,15,2,37,43800
2019-09-16,2019,9,259,16,3,37,43200
2019-09-17,2019,9,260,17,4,37,45300
2019-09-18,2019,9,261,18,5,37,45000
2019-09-19,2019,9,262,19,6,37,46200
2019-09-20,2019,9,263,20,7,37,27900
2019-09-21,2019,9,264,21,1,38,19200
2019-09-22,2019,9,265,22,2,38,51300
2019-09-23,2019,9,266,23,3,38,42600
2019-09-24,2019,9,267,24,4,38,38400
2019-09-25,2019,9,268,25,5,38,38400
2019-09-26,2019,9,269,26,6,38,49500
2019-09-27,2019,9,270,27,7,38,25200
2019-09-28,2019,9,271,28,1,39,15000
2019-09-29,2019,9,272,29,2,39,38100
2019-09-30,2019,9,273,30,3,39,42000
2019-10-01,2019,10,274,1,4,39,36900
2019-10-02,2019,10,275,2,5,39,36000
2019-10-03,2019,10,276,3,6,39,35400
2019-10-04,2019,10,277,4,7,39,14400
2019-10-05,2019,10,278,5,1,40,14700
2019-10-06,2019,10,279,6,2,40,46800
2019-10-07,2019,10,280,7,3,40,41100
2019-10-08,2019,10,281,8,4,40,38700
2019-10-09,2019,10,282,9,5,40,37800
2019-10-10,2019,10,283,10,6,40,34200
2019-10-11,2019,10,284,11,7,40,14400
2019-10-12,2019,10,285,12,1,41,12300
2019-10-13,2019,10,286,13,2,41,42600
2019-10-14,2019,10,287,14,3,41,60900
2019-10-15,2019,10,288,15,4,41,48600
2019-10-16,2019,10,289,16,5,41,47700
2019-10-17,2019,10,290,17,6,41,47400
2019-10-18,2019,10,291,18,7,41,25500
2019-10-19,2019,10,292,19,1,42,23100
2019-10-20,2019,10,293,20,2,42,41100
2019-10-21,2019,10,294,21,3,42,41100
2019-10-22,2019,10,295,22,4,42,37200
2019-10-23,2019,10,296,23,5,42,34800
2019-10-24,2019,10,297,24,6,42,32700
2019-10-25,2019,10,298,25,7,42,15900
2019-10-26,2019,10,299,26,1,43,19500
2019-10-27,2019,10,300,27,2,43,35700
2019-10-28,2019,10,301,28,3,43,24900
2019-10-29,2019,10,302,29,4,43,30900
2019-10-30,2019,10,303,30,5,43,25200
2019-10-31,2019,10,304,31,6,43,21000
2019-11-01,2019,11,305,1,7,43,11400
2019-11-02,2019,11,306,2,1,44,5100
2019-11-03,2019,11,307,3,2,44,29100
2019-11-04,2019,11,308,4,3,44,22800
2019-11-05,2019,11,309,5,4,44,26400
2019-11-06,2019,11,310,6,5,44,21000
2019-11-07,2019,11,311,7,6,44,17700
2019-11-08,2019,11,312,8,7,44,9000
2019-11-09,2019,11,313,9,1,45,8100
2019-11-10,2019,11,314,10,2,45,25800
2019-11-11,2019,11,315,11,3,45,20400
2019-11-12,2019,11,316,12,4,45,18300
2019-11-13,2019,11,317,13,5,45,18600
2019-11-14,2019,11,318,14,6,45,18300
2019-11-15,2019,11,319,15,7,45,9300
2019-11-16,2019,11,320,16,1,46,9300
2019-11-17,2019,11,321,17,2,46,26400
2019-11-18,2019,11,322,18,3,46,24300
2019-11-19,2019,11,323,19,4,46,23400
2019-11-20,2019,11,324,20,5,46,22500
2019-11-21,2019,11,325,21,6,46,21300
2019-11-22,2019,11,326,22,7,46,9600
2019-11-23,2019,11,327,23,1,47,8100
2019-11-24,2019,11,328,24,2,47,22200
2019-11-25,2019,11,329,25,3,47,19200
2019-11-26,2019,11,330,26,4,47,15000
2019-11-27,2019,11,331,27,5,47,14100
2019-11-28,2019,11,332,28,6,47,14700
2019-11-29,2019,11,333,29,7,47,9900
2019-11-30,2019,11,334,30,1,48,5100
2019-12-01,2019,12,335,1,2,48,20400
2019-12-02,2019,12,336,2,3,48,15600
2019-12-03,2019,12,337,3,4,48,25800
2019-12-04,2019,12,338,4,5,48,14400
2019-12-05,2019,12,339,5,6,48,12300
2019-12-06,2019,12,340,6,7,48,5700
2019-12-07,2019,12,341,7,1,49,7800
2019-12-08,2019,12,342,8,2,49,8100
2019-12-09,2019,12,343,9,3,49,21000
2019-12-10,2019,12,344,10,4,49,16500
2019-12-11,2019,12,345,11,5,49,19500
2019-12-12,2019,12,346,12,6,49,19200
2019-12-13,2019,12,347,13,7,49,7500
2019-12-14,2019,12,348,14,1,50,7200
2019-12-15,2019,12,349,15,2,50,16200
2019-12-16,2019,12,350,16,3,50,17700
2019-12-17,2019,12,351,17,4,50,16800
2019-12-18,2019,12,352,18,5,50,15000
2019-12-19,2019,12,353,19,6,50,12300
2019-12-20,2019,12,354,20,7,50,7800
2019-12-21,2019,12,355,21,1,51,6000
2019-12-22,2019,12,356,22,2,51,14700
2019-12-23,2019,12,357,23,3,51,10200
2019-12-24,2019,12,358,24,4,51,8100
2019-12-25,2019,12,359,25,5,51,1800
2019-12-26,2019,12,360,26,6,51,7800
2019-12-27,2019,12,361,27,7,51,7800
2019-12-28,2019,12,362,28,1,52,6300
2019-12-29,2019,12,363,29,2,52,15600
2019-12-30,2019,12,364,30,3,52,13500
2019-12-31,2019,12,365,31,4,52,6900
2020-01-01,2020,1,1,1,5,0,3000
2020-01-02,2020,1,2,2,6,0,12900
2020-01-03,2020,1,3,3,7,0,6900
2020-01-04,2020,1,4,4,1,1,7200
2020-01-05,2020,1,5,5,2,1,11700
2020-01-06,2020,1,6,6,3,1,5100
2020-01-07,2020,1,7,7,4,1,13200
2020-01-08,2020,1,8,8,5,1,12000
2020-01-09,2020,1,9,9,6,1,11100
2020-01-10,2020,1,10,10,7,1,9000
2020-01-11,2020,1,11,11,1,2,8700
2020-01-12,2020,1,12,12,2,2,20400
2020-01-13,2020,1,13,13,3,2,18900
2020-01-14,2020,1,14,14,4,2,18300
2020-01-15,2020,1,15,15,5,2,18000
2020-01-16,2020,1,16,16,6,2,14400
2020-01-17,2020,1,17,17,7,2,5400
2020-01-18,2020,1,18,18,1,3,9900
2020-01-19,2020,1,19,19,2,3,18600
2020-01-20,2020,1,20,20,3,3,24600
2020-01-21,2020,1,21,21,4,3,41400
2020-01-22,2020,1,22,22,5,3,38100
2020-01-23,2020,1,23,23,6,3,34200
2020-01-24,2020,1,24,24,7,3,19800
2020-01-25,2020,1,25,25,1,4,18000
2020-01-26,2020,1,26,26,2,4,21000
2020-01-27,2020,1,27,27,3,4,21300
2020-01-28,2020,1,28,28,4,4,21600
2020-01-29,2020,1,29,29,5,4,23400
2020-01-30,2020,1,30,30,6,4,19200
2020-01-31,2020,1,31,31,7,4,9600
2020-02-01,2020,2,32,1,1,5,15000
2020-02-02,2020,2,33,2,2,5,23100
2020-02-03,2020,2,34,3,3,5,29400
2020-02-04,2020,2,35,4,4,5,22500
2020-02-05,2020,2,36,5,5,5,21300
2020-02-06,2020,2,37,6,6,5,19200
2020-02-07,2020,2,38,7,7,5,11400
2020-02-08,2020,2,39,8,1,6,10500
2020-02-09,2020,2,40,9,2,6,26100
2020-02-10,2020,2,41,10,3,6,27300
2020-02-11,2020,2,42,11,4,6,27900
2020-02-12,2020,2,43,12,5,6,20700
2020-02-13,2020,2,44,13,6,6,21300
2020-02-14,2020,2,45,14,7,6,14400
2020-02-15,2020,2,46,15,1,7,14100
2020-02-16,2020,2,47,16,2,7,57900
2020-02-17,2020,2,48,17,3,7,38100
2020-02-18,2020,2,49,18,4,7,32400
2020-02-19,2020,2,50,19,5,7,27300
2020-02-20,2020,2,51,20,6,7,22800
2020-02-21,2020,2,52,21,7,7,15300
2020-02-22,2020,2,53,22,1,8,14400
2020-02-23,2020,2,54,23,2,8,15300
2020-02-24,2020,2,55,24,3,8,19800
2020-02-25,2020,2,56,25,4,8,27900
2020-02-26,2020,2,57,26,5,8,18000
2020-02-27,2020,2,58,27,6,8,18300
2020-02-28,2020,2,59,28,7,8,3900
2020-03-01,2020,3,60,1,1,9,9000
2020-03-02,2020,3,61,2,2,9,20100
2020-03-03,2020,3,62,3,3,9,18600
2020-03-04,2020,3,63,4,4,9,20100
2020-03-05,2020,3,64,5,5,9,13800
2020-03-06,2020,3,65,6,6,9,7200
2020-03-07,2020,3,66,7,7,9,5100
2020-03-08,2020,3,67,8,1,10,4500
2020-03-09,2020,3,68,9,2,10,8100
2020-03-10,2020,3,69,10,3,10,12000
2020-03-11,2020,3,70,11,4,10,11100
2020-03-12,2020,3,71,12,5,10,11700
2020-03-13,2020,3,72,13,6,10,9300
2020-03-14,2020,3,73,14,7,10,5700
2020-03-15,2020,3,74,15,1,11,6300
2020-03-16,2020,3,75,16,2,11,9000
2020-03-17,2020,3,76,17,3,11,22500
2020-03-18,2020,3,77,18,4,11,11400
2020-03-19,2020,3,78,19,5,11,8400
2020-03-20,2020,3,79,20,6,11,12300
2020-03-21,2020,3,80,21,7,11,6900
2020-03-22,2020,3,81,22,1,12,3900
2020-03-23,2020,3,82,23,2,12,10800
2020-03-24,2020,3,83,24,3,12,15900
2020-03-25,2020,3,84,25,4,12,20100
2020-03-26,2020,3,85,26,5,12,14700
2020-03-27,2020,3,86,27,6,12,12600
2020-03-28,2020,3,87,28,7,12,7800
2020-03-29,2020,3,88,29,1,13,4800
2020-03-30,2020,3,89,30,2,13,12900
2020-03-31,2020,3,90,31,3,13,16800
2020-04-01,2020,4,91,1,4,13,13800
2020-04-02,2020,4,92,2,5,13,8100
2020-04-03,2020,4,93,3,6,13,5400
2020-04-04,2020,4,94,4,7,13,4800
2020-04-05,2020,4,95,5,1,14,8400
2020-04-06,2020,4,96,6,2,14,12000
2020-04-07,2020,4,97,7,3,14,9600
2020-04-08,2020,4,98,8,4,14,10500
2020-04-09,2020,4,99,9,5,14,14700
2020-04-10,2020,4,100,10,6,14,11400
2020-04-11,2020,4,101,11,7,14,5100
2020-04-12,2020,4,102,12,1,15,5100
2020-04-13,2020,4,103,13,2,15,17100
2020-04-14,2020,4,104,14,3,15,22200
2020-04-15,2020,4,105,15,4,15,27600
2020-04-16,2020,4,106,16,5,15,24000
2020-04-17,2020,4,107,17,6,15,16200
2020-04-18,2020,4,108,18,7,15,8700
2020-04-19,2020,4,109,19,1,16,9000
2020-04-20,2020,4,110,20,2,16,32700
2020-04-21,2020,4,111,21,3,16,21300
2020-04-22,2020,4,112,22,4,16,18300
2020-04-23,2020,4,113,23,5,16,18900
2020-04-24,2020,4,114,24,6,16,16800
2020-04-25,2020,4,115,25,7,16,8400
2020-04-26,2020,4,116,26,1,17,9900
2020-04-27,2020,4,117,27,2,17,18300
2020-04-28,2020,4,118,28,3,17,18000
2020-04-29,2020,4,119,29,4,17,18900
2020-04-30,2020,4,120,30,5,17,15600
2020-05-01,2020,5,121,1,6,17,6900
2020-05-02,2020,5,122,2,7,17,4200
2020-05-03,2020,5,123,3,1,18,7200
2020-05-04,2020,5,124,4,2,18,12900
2020-05-05,2020,5,125,5,3,18,20100
2020-05-06,2020,5,126,6,4,18,21300
2020-05-07,2020,5,127,7,5,18,24000
2020-05-08,2020,5,128,8,6,18,14400
2020-05-09,2020,5,129,9,7,18,4200
2020-05-10,2020,5,130,10,1,19,5400
2020-05-11,2020,5,131,11,2,19,14400
2020-05-12,2020,5,132,12,3,19,16800
2020-05-13,2020,5,133,13,4,19,12000
2020-05-14,2020,5,134,14,5,19,8400
2020-05-15,2020,5,135,15,6,19,8400
2020-05-16,2020,5,136,16,7,19,7800
2020-05-17,2020,5,137,17,1,20,4200
2020-05-18,2020,5,138,18,2,20,12900
2020-05-19,2020,5,139,19,3,20,11400
2020-05-20,2020,5,140,20,4,20,7800
2020-05-21,2020,5,141,21,5,20,15000
2020-05-22,2020,5,142,22,6,20,9300
2020-05-23,2020,5,143,23,7,20,6000
2020-05-24,2020,5,144,24,1,21,3000
2020-05-25,2020,5,145,25,2,21,8100
2020-05-26,2020,5,146,26,3,21,11400
2020-05-27,2020,5,147,27,4,21,11700
2020-05-28,2020,5,148,28,5,21,6600
2020-05-29,2020,5,149,29,6,21,4800
2020-05-30,2020,5,150,30,7,21,3300
2020-05-31,2020,5,151,31,1,22,5700
2020-06-01,2020,6,152,1,2,22,13500
2020-06-02,2020,6,153,2,3,22,5100
2020-06-03,2020,6,154,3,4,22,9600
2020-06-04,2020,6,155,4,5,22,8100
2020-06-05,2020,6,156,5,6,22,6600
2020-06-06,2020,6,157,6,7,22,3600
2020-06-07,2020,6,158,7,1,23,4800
2020-06-08,2020,6,159,8,2,23,7800
2020-06-09,2020,6,160,9,3,23,13500
2020-06-10,2020,6,161,10,4,23,15000
2020-06-11,2020,6,162,11,5,23,9900
2020-06-12,2020,6,163,12,6,23,7200
2020-06-13,2020,6,164,13,7,23,6600
2020-06-14,2020,6,165,14,1,24,6900
2020-06-15,2020,6,166,15,2,24,10800
2020-06-16,2020,6,167,16,3,24,9000
2020-06-17,2020,6,168,17,4,24,14400
2020-06-18,2020,6,169,18,5,24,6900
2020-06-19,2020,6,170,19,6,24,7800
2020-06-20,2020,6,171,20,7,24,3000
2020-06-21,2020,6,172,21,1,25,3300
2020-06-22,2020,6,173,22,2,25,8400
2020-06-23,2020,6,174,23,3,25,5400
2020-06-24,2020,6,175,24,4,25,3300
2020-06-25,2020,6,176,25,5,25,5100
2020-06-26,2020,6,177,26,6,25,6600
2020-06-27,2020,6,178,27,7,25,4800
2020-06-28,2020,6,179,28,1,26,2700
2020-06-29,2020,6,180,29,2,26,7800
2020-06-30,2020,6,181,30,3,26,5700
2020-07-01,2020,7,182,1,4,26,6000
2020-07-02,2020,7,183,2,5,26,6000
2020-07-03,2020,7,184,3,6,26,4500
2020-07-04,2020,7,185,4,7,26,3900
2020-07-05,2020,7,186,5,1,27,3600
2020-07-06,2020,7,187,6,2,27,6900
2020-07-07,2020,7,188,7,3,27,11700
2020-07-08,2020,7,189,8,4,27,9600
2020-07-09,2020,7,190,9,5,27,8700
2020-07-10,2020,7,191,10,6,27,7200
2020-07-11,2020,7,192,11,7,27,2400
2020-07-12,2020,7,193,12,1,28,3900
2020-07-13,2020,7,194,13,2,28,6300
2020-07-14,2020,7,195,14,3,28,4500
2020-07-15,2020,7,196,15,4,28,7800
2020-07-16,2020,7,197,16,5,28,6000
2020-07-17,2020,7,198,17,6,28,9600
2020-07-18,2020,7,199,18,7,28,4200
2020-07-19,2020,7,200,19,1,29,4500
2020-07-20,2020,7,201,20,2,29,5100
2020-07-21,2020,7,202,21,3,29,5400
2020-07-22,2020,7,203,22,4,29,9300
2020-07-23,2020,7,204,23,5,29,6300
2020-07-24,2020,7,205,24,6,29,6300
2020-07-25,2020,7,206,25,7,29,1500
2020-07-26,2020,7,207,26,1,30,4800
2020-07-27,2020,7,208,27,2,30,7500
2020-07-28,2020,7,209,28,3,30,4500
2020-07-29,2020,7,210,29,4,30,5400
2020-07-30,2020,7,211,30,5,30,6300
2020-07-31,2020,7,212,31,6,30,4500
2020-08-01,2020,8,213,1,7,30,1500
2020-08-02,2020,8,214,2,1,31,2700
2020-08-03,2020,8,215,3,2,31,5400
2020-08-04,2020,8,216,4,3,31,7200
2020-08-05,2020,8,217,5,4,31,5100
2020-08-06,2020,8,218,6,5,31,6900
2020-08-07,2020,8,219,7,6,31,6900
2020-08-08,2020,8,220,8,7,31,5400
2020-08-09,2020,8,221,9,1,32,1500
2020-08-10,2020,8,222,10,2,32,8100
2020-08-11,2020,8,223,11,3,32,7200
2020-08-12,2020,8,224,12,4,32,7500
2020-08-13,2020,8,225,13,5,32,7200
2020-08-14,2020,8,226,14,6,32,7200
2020-08-15,2020,8,227,15,7,32,4800
2020-08-16,2020,8,228,16,1,33,5100
2020-08-17,2020,8,229,17,2,33,10800
2020-08-18,2020,8,230,18,3,33,8700
2020-08-19,2020,8,231,19,4,33,14100
2020-08-20,2020,8,232,20,5,33,8100
2020-08-21,2020,8,233,21,6,33,6000
2020-08-22,2020,8,234,22,7,33,3600
2020-08-23,2020,8,235,23,1,34,5700
2020-08-24,2020,8,236,24,2,34,11100
2020-08-25,2020,8,237,25,3,34,6300
2020-08-26,2020,8,238,26,4,34,9300
2020-08-27,2020,8,239,27,5,34,9300
2020-08-28,2020,8,240,28,6,34,9900
2020-08-29,2020,8,241,29,7,34,3300
2020-08-30,2020,8,242,30,1,35,4800
2020-08-31,2020,8,243,31,2,35,10200
2020-09-01,2020,9,244,1,3,35,10500
2020-09-02,2020,9,245,2,4,35,8700
2020-09-03,2020,9,246,3,5,35,9300
2020-09-04,2020,9,247,4,6,35,5400
2020-09-05,2020,9,248,5,7,35,3900
2020-09-06,2020,9,249,6,1,36,2100
2020-09-07,2020,9,250,7,2,36,12600
2020-09-08,2020,9,251,8,3,36,12000
2020-09-09,2020,9,252,9,4,36,8400
2020-09-10,2020,9,253,10,5,36,7500
2020-09-11,2020,9,254,11,6,36,4500
2020-09-12,2020,9,255,12,7,36,5100
2020-09-13,2020,9,256,13,1,37,3000
2020-09-14,2020,9,257,14,2,37,7500
2020-09-15,2020,9,258,15,3,37,8700
2020-09-16,2020,9,259,16,4,37,12000
2020-09-17,2020,9,260,17,5,37,11700
2020-09-18,2020,9,261,18,6,37,12000
2020-09-19,2020,9,262,19,7,37,5100
2020-09-20,2020,9,263,20,1,38,3900
2020-09-21,2020,9,264,21,2,38,10200
2020-09-22,2020,9,265,22,3,38,10800
2020-09-23,2020,9,266,23,4,38,10500
2020-09-24,2020,9,267,24,5,38,14400
2020-09-25,2020,9,268,25,6,38,8100
2020-09-26,2020,9,269,26,7,38,4800
2020-09-27,2020,9,270,27,1,39,5400
2020-09-28,2020,9,271,28,2,39,8700
2020-09-29,2020,9,272,29,3,39,6900
2020-09-30,2020,9,273,30,4,39,8100
2020-10-01,2020,10,274,1,5,39,9600
2020-10-02,2020,10,275,2,6,39,9900
2020-10-03,2020,10,276,3,7,39,5100
2020-10-04,2020,10,277,4,1,40,4500
2020-10-05,2020,10,278,5,2,40,9600
2020-10-06,2020,10,279,6,3,40,10200
2020-10-07,2020,10,280,7,4,40,9600
2020-10-08,2020,10,281,8,5,40,8700
2020-10-09,2020,10,282,9,6,40,9600
2020-10-10,2020,10,283,10,7,40,6000
2020-10-11,2020,10,284,11,1,41,5400
2020-10-12,2020,10,285,12,2,41,6300
2020-10-13,2020,10,286,13,3,41,11700
2020-10-14,2020,10,287,14,4,41,14700
2020-10-15,2020,10,288,15,5,41,10500
2020-10-16,2020,10,289,16,6,41,8700
2020-10-17,2020,10,290,17,7,41,3300
2020-10-18,2020,10,291,18,1,42,5100
2020-10-19,2020,10,292,19,2,42,12000
2020-10-20,2020,10,293,20,3,42,9000
2020-10-21,2020,10,294,21,4,42,13200
2020-10-22,2020,10,295,22,5,42,9900
2020-10-23,2020,10,296,23,6,42,8100
2020-10-24,2020,10,297,24,7,42,5700
2020-10-25,2020,10,298,25,1,43,4200
2020-10-26,2020,10,299,26,2,43,10500
2020-10-27,2020,10,300,27,3,43,7800
2020-10-28,2020,10,301,28,4,43,8400
2020-10-29,2020,10,302,29,5,43,6600
2020-10-30,2020,10,303,30,6,43,7500
2020-10-31,2020,10,304,31,7,43,4800
2020-11-01,2020,11,305,1,1,44,2700
2020-11-02,2020,11,306,2,2,44,8100
2020-11-03,2020,11,307,3,3,44,8700
2020-11-04,2020,11,308,4,4,44,9600
2020-11-05,2020,11,309,5,5,44,16200
2020-11-06,2020,11,310,6,6,44,7800
2020-11-07,2020,11,311,7,7,44,3600
2020-11-08,2020,11,312,8,1,45,4200
2020-11-09,2020,11,313,9,2,45,11100
2020-11-10,2020,11,314,10,3,45,8400
2020-11-11,2020,11,315,11,4,45,13200
2020-11-12,2020,11,316,12,5,45,15000
2020-11-13,2020,11,317,13,6,45,7200
2020-11-14,2020,11,318,14,7,45,3300
2020-11-15,2020,11,319,15,1,46,4500
2020-11-16,2020,11,320,16,2,46,6900
2020-11-17,2020,11,321,17,3,46,12000
2020-11-18,2020,11,322,18,4,46,13200
2020-11-19,2020,11,323,19,5,46,9300
2020-11-20,2020,11,324,20,6,46,5100
2020-11-21,2020,11,325,21,7,46,3900
2020-11-22,2020,11,326,22,1,47,4200
2020-11-23,2020,11,327,23,2,47,8100
2020-11-24,2020,11,328,24,3,47,4800
2020-11-25,2020,11,329,25,4,47,8700
2020-11-26,2020,11,330,26,5,47,3900
2020-11-27,2020,11,331,27,6,47,5700
2020-11-28,2020,11,332,28,7,47,5700
2020-11-29,2020,11,333,29,1,48,5400
2020-11-30,2020,11,334,30,2,48,13800
2020-12-01,2020,12,335,1,3,48,18900
2020-12-02,2020,12,336,2,4,48,15900
2020-12-03,2020,12,337,3,5,48,9900
2020-12-04,2020,12,338,4,6,48,11400
2020-12-05,2020,12,339,5,7,48,3600
2020-12-06,2020,12,340,6,1,49,6300
2020-12-07,2020,12,341,7,2,49,11700
2020-12-08,2020,12,342,8,3,49,7200
2020-12-09,2020,12,343,9,4,49,14400
2020-12-10,2020,12,344,10,5,49,16200
2020-12-11,2020,12,345,11,6,49,12600
2020-12-12,2020,12,346,12,7,49,3900
2020-12-13,2020,12,347,13,1,50,6600
2020-12-14,2020,12,348,14,2,50,15300
2020-12-15,2020,12,349,15,3,50,9300
2020-12-16,2020,12,350,16,4,50,13500
2020-12-17,2020,12,351,17,5,50,11100
2020-12-18,2020,12,352,18,6,50,7800
2020-12-19,2020,12,353,19,7,50,3900
2020-12-20,2020,12,354,20,1,51,6000
2020-12-21,2020,12,355,21,2,51,11700
2020-12-22,2020,12,356,22,3,51,9000
2020-12-23,2020,12,357,23,4,51,11400
2020-12-24,2020,12,358,24,5,51,5700
2020-12-25,2020,12,359,25,6,51,1200
2020-12-26,2020,12,360,26,7,51,3300
2020-12-27,2020,12,361,27,1,52,3900
2020-12-28,2020,12,362,28,2,52,10500
2020-12-29,2020,12,363,29,3,52,10800
2020-12-30,2020,12,364,30,4,52,6900
2020-12-31,2020,12,365,31,5,52,6000
2021-01-01,2021,1,1,1,6,0,2700
2021-01-02,2021,1,2,2,7,0,5700
2021-01-03,2021,1,3,3,1,1,3900
2021-01-04,2021,1,4,4,2,1,13800
2021-01-05,2021,1,5,5,3,1,9900
2021-01-06,2021,1,6,6,4,1,4200
2021-01-07,2021,1,7,7,5,1,8400
2021-01-08,2021,1,8,8,6,1,7500
2021-01-09,2021,1,9,9,7,1,4800
2021-01-10,2021,1,10,10,1,2,5700
2021-01-11,2021,1,11,11,2,2,11400
2021-01-12,2021,1,12,12,3,2,14100
2021-01-13,2021,1,13,13,4,2,10500
2021-01-14,2021,1,14,14,5,2,7500
2021-01-15,2021,1,15,15,6,2,13500
2021-01-16,2021,1,16,16,7,2,6300
2021-01-17,2021,1,17,17,1,3,4800
2021-01-18,2021,1,18,18,2,3,16200
2021-01-19,2021,1,19,19,3,3,9900
2021-01-20,2021,1,20,20,4,3,14400
2021-01-21,2021,1,21,21,5,3,8700
2021-01-22,2021,1,22,22,6,3,8100
2021-01-23,2021,1,23,23,7,3,4800
2021-01-24,2021,1,24,24,1,4,3900
2021-01-25,2021,1,25,25,2,4,5100
2021-01-26,2021,1,26,26,3,4,3600
2021-01-27,2021,1,27,27,4,4,2700
2021-01-28,2021,1,28,28,5,4,3300
2021-01-29,2021,1,29,29,6,4,9300
2021-01-30,2021,1,30,30,7,4,3600
2021-01-31,2021,1,31,31,1,5,4800
2021-02-01,2021,2,32,1,2,5,7500
2021-02-02,2021,2,33,2,3,5,5400
2021-02-03,2021,2,34,3,4,5,5100
2021-02-04,2021,2,35,4,5,5,5700
2021-02-05,2021,2,36,5,6,5,3000
2021-02-06,2021,2,37,6,7,5,3300
2021-02-07,2021,2,38,7,1,6,3000
2021-02-08,2021,2,39,8,2,6,4500
2021-02-09,2021,2,40,9,3,6,6900
2021-02-10,2021,2,41,10,4,6,4500
2021-02-11,2021,2,42,11,5,6,5100
2021-02-12,2021,2,43,12,6,6,2100
2021-02-13,2021,2,44,13,7,6,3900
2021-02-14,2021,2,45,14,1,7,3600
2021-02-15,2021,2,46,15,2,7,3900
2021-02-16,2021,2,47,16,3,7,7800
2021-02-17,2021,2,48,17,4,7,7200
2021-02-18,2021,2,49,18,5,7,10800
2021-02-19,2021,2,50,19,6,7,8100
2021-02-20,2021,2,51,20,7,7,4500
2021-02-21,2021,2,52,21,1,8,6300
2021-02-22,2021,2,53,22,2,8,8100
2021-02-23,2021,2,54,23,3,8,6600
2021-02-24,2021,2,55,24,4,8,5700
2021-02-25,2021,2,56,25,5,8,12000
2021-02-26,2021,2,57,26,6,8,9000
2021-02-27,2021,2,58,27,7,8,7500
2021-02-28,2021,2,59,28,1,9,6300
2021-02-29,2021,2,60,29,2,9,16500
2021-03-01,2021,3,61,1,3,9,12600
2021-03-02,2021,3,62,2,4,9,14100
2021-03-03,2021,3,63,3,5,9,8100
2021-03-04,2021,3,64,4,6,9,5400
2021-03-05,2021,3,65,5,7,9,4200
2021-03-06,2021,3,66,6,1,10,2700
2021-03-07,2021,3,67,7,2,10,4800
2021-03-08,2021,3,68,8,3,10,9600
2021-03-09,2021,3,69,9,4,10,6300
2021-03-10,2021,3,70,10,5,10,14400
2021-03-11,2021,3,71,11,6,10,13500
2021-03-12,2021,3,72,12,7,10,8400
2021-03-13,2021,3,73,13,1,11,5100
2021-03-14,2021,3,74,14,2,11,13500
2021-03-15,2021,3,75,15,3,11,12900
2021-03-16,2021,3,76,16,4,11,11400
2021-03-17,2021,3,77,17,5,11,12900
2021-03-18,2021,3,78,18,6,11,18600
2021-03-19,2021,3,79,19,7,11,6900
2021-03-20,2021,3,80,20,1,12,5100
2021-03-21,2021,3,81,21,2,12,13500
2021-03-22,2021,3,82,22,3,12,15900
2021-03-23,2021,3,83,23,4,12,14100
2021-03-24,2021,3,84,24,5,12,10800
2021-03-25,2021,3,85,25,6,12,8400
2021-03-26,2021,3,86,26,7,12,5400
2021-03-27,2021,3,87,27,1,13,9900
2021-03-28,2021,3,88,28,2,13,12900
2021-03-29,2021,3,89,29,3,13,8100
2021-03-30,2021,3,90,30,4,13,14700
2021-03-31,2021,3,91,31,5,13,7200
2021-04-01,2021,4,92,1,6,13,8700
2021-04-02,2021,4,93,2,7,13,9900
2021-04-03,2021,4,94,3,1,14,7800
2021-04-04,2021,4,95,4,2,14,12900
2021-04-05,2021,4,96,5,3,14,12900
2021-04-06,2021,4,97,6,4,14,10500
2021-04-07,2021,4,98,7,5,14,13500
2021-04-08,2021,4,99,8,6,14,9900
2021-04-09,2021,4,100,9,7,14,5700
2021-04-10,2021,4,101,10,1,15,6600
2021-04-11,2021,4,102,11,2,15,16200
2021-04-12,2021,4,103,12,3,15,12900
2021-04-13,2021,4,104,13,4,15,13500
2021-04-14,2021,4,105,14,5,15,12600
2021-04-15,2021,4,106,15,6,15,8700
2021-04-16,2021,4,107,16,7,15,7500
2021-04-17,2021,4,108,17,1,16,5100
2021-04-18,2021,4,109,18,2,16,15000
2021-04-19,2021,4,110,19,3,16,10200
2021-04-20,2021,4,111,20,4,16,11700
2021-04-21,2021,4,112,21,5,16,15000
2021-04-22,2021,4,113,22,6,16,8100
2021-04-23,2021,4,114,23,7,16,6300
2021-04-24,2021,4,115,24,1,17,5700
2021-04-25,2021,4,116,25,2,17,11700
2021-04-26,2021,4,117,26,3,17,13800
2021-04-27,2021,4,118,27,4,17,11400
2021-04-28,2021,4,119,28,5,17,12900
2021-04-29,2021,4,120,29,6,17,9600
2021-04-30,2021,4,121,30,7,17,8100
2021-05-01,2021,5,122,1,1,18,6000
2021-05-02,2021,5,123,2,2,18,11100
2021-05-03,2021,5,124,3,3,18,12000
2021-05-04,2021,5,125,4,4,18,9600
2021-05-05,2021,5,126,5,5,18,20100
2021-05-06,2021,5,127,6,6,18,10500
2021-05-07,2021,5,128,7,7,18,8700
2021-05-08,2021,5,129,8,1,19,5400
2021-05-09,2021,5,130,9,2,19,12600
2021-05-10,2021,5,131,10,3,19,13800
2021-05-11,2021,5,132,11,4,19,18600
2021-05-12,2021,5,133,12,5,19,21900
2021-05-13,2021,5,134,13,6,19,22200
2021-05-14,2021,5,135,14,7,19,21300
2021-05-15,2021,5,136,15,1,20,17100
2021-05-16,2021,5,137,16,2,20,21600
2021-05-17,2021,5,138,17,3,20,20400
2021-05-18,2021,5,139,18,4,20,13500
2021-05-19,2021,5,140,19,5,20,16800
2021-05-20,2021,5,141,20,6,20,12000
2021-05-21,2021,5,142,21,7,20,9900
2021-05-22,2021,5,143,22,1,21,9900
2021-05-23,2021,5,144,23,2,21,13200
2021-05-24,2021,5,145,24,3,21,12000
2021-05-25,2021,5,146,25,4,21,12600
2021-05-26,2021,5,147,26,5,21,13200
2021-05-27,2021,5,148,27,6,21,10800
2021-05-28,2021,5,149,28,7,21,8400
2021-05-29,2021,5,150,29,1,22,6000
2021-05-30,2021,5,151,30,2,22,12000
2021-05-31,2021,5,152,31,3,22,14400
2021-06-01,2021,6,153,1,4,22,17100
2021-06-02,2021,6,154,2,5,22,16500
2021-06-03,2021,6,155,3,6,22,12300
2021-06-04,2021,6,156,4,7,22,6300
2021-06-05,2021,6,157,5,1,23,5700
2021-06-06,2021,6,158,6,2,23,13500
2021-06-07,2021,6,159,7,3,23,12900
2021-06-08,2021,6,160,8,4,23,14400
2021-06-09,2021,6,161,9,5,23,13800
2021-06-10,2021,6,162,10,6,23,11100
2021-06-11,2021,6,163,11,7,23,7200
2021-06-12,2021,6,164,12,1,24,8100
2021-06-13,2021,6,165,13,2,24,18900
2021-06-14,2021,6,166,14,3,24,18600
2021-06-15,2021,6,167,15,4,24,13800
2021-06-16,2021,6,168,16,5,24,12300
2021-06-17,2021,6,169,17,6,24,14100
2021-06-18,2021,6,170,18,7,24,8700
2021-06-19,2021,6,171,19,1,25,10200
2021-06-20,2021,6,172,20,2,25,12000
2021-06-21,2021,6,173,21,3,25,13200
2021-06-22,2021,6,174,22,4,25,12300
2021-06-23,2021,6,175,23,5,25,7500
2021-06-24,2021,6,176,24,6,25,3300
2021-06-25,2021,6,177,25,7,25,3600
2021-06-26,2021,6,178,26,1,26,3600
2021-06-27,2021,6,179,27,2,26,11400
2021-06-28,2021,6,180,28,3,26,11700
2021-06-29,2021,6,181,29,4,26,9000
2021-06-30,2021,6,182,30,5,26,5700
2021-07-01,2021,7,183,1,6,26,7500
2021-07-02,2021,7,184,2,7,26,4500
2021-07-03,2021,7,185,3,1,27,4800
2021-07-04,2021,7,186,4,2,27,12000
2021-07-05,2021,7,187,5,3,27,9600
2021-07-06,2021,7,188,6,4,27,10500
2021-07-07,2021,7,189,7,5,27,12000
2021-07-08,2021,7,190,8,6,27,10200
2021-07-09,2021,7,191,9,7,27,7500
2021-07-10,2021,7,192,10,1,28,3600
2021-07-11,2021,7,193,11,2,28,13200
2021-07-12,2021,7,194,12,3,28,8100
2021-07-13,2021,7,195,13,4,28,14400
2021-07-14,2021,7,196,14,5,28,8100
2021-07-15,2021,7,197,15,6,28,12300
2021-07-16,2021,7,198,16,7,28,3900
2021-07-17,2021,7,199,17,1,29,4800
2021-07-18,2021,7,200,18,2,29,12300
2021-07-19,2021,7,201,19,3,29,8400
2021-07-20,2021,7,202,20,4,29,10800
2021-07-21,2021,7,203,21,5,29,12000
2021-07-22,2021,7,204,22,6,29,10800
2021-07-23,2021,7,205,23,7,29,9300
2021-07-24,2021,7,206,24,1,30,5400
2021-07-25,2021,7,207,25,2,30,10200
2021-07-26,2021,7,208,26,3,30,9600
2021-07-27,2021,7,209,27,4,30,9000
2021-07-28,2021,7,210,28,5,30,12000
2021-07-29,2021,7,211,29,6,30,8700
2021-07-30,2021,7,212,30,7,30,6000
2021-07-31,2021,7,213,31,1,31,4800
2021-08-01,2021,8,214,1,2,31,13200
2021-08-02,2021,8,215,2,3,31,9600
2021-08-03,2021,8,216,3,4,31,10200
2021-08-04,2021,8,217,4,5,31,12900
2021-08-05,2021,8,218,5,6,31,13500
2021-08-06,2021,8,219,6,7,31,6300
2021-08-07,2021,8,220,7,1,32,4500
2021-08-08,2021,8,221,8,2,32,15600
2021-08-09,2021,8,222,9,3,32,13500
2021-08-10,2021,8,223,10,4,32,12300
2021-08-11,2021,8,224,11,5,32,11700
2021-08-12,2021,8,225,12,6,32,14100
2021-08-13,2021,8,226,13,7,32,8100
2021-08-14,2021,8,227,14,1,33,6900
2021-08-15,2021,8,228,15,2,33,9900
2021-08-16,2021,8,229,16,3,33,11100
2021-08-17,2021,8,230,17,4,33,17100
2021-08-18,2021,8,231,18,5,33,18900
2021-08-19,2021,8,232,19,6,33,15300
2021-08-20,2021,8,233,20,7,33,8700
2021-08-21,2021,8,234,21,1,34,4800
2021-08-22,2021,8,235,22,2,34,13200
2021-08-23,2021,8,236,23,3,34,13500
2021-08-24,2021,8,237,24,4,34,11400
2021-08-25,2021,8,238,25,5,34,11100
2021-08-26,2021,8,239,26,6,34,11700
2021-08-27,2021,8,240,27,7,34,8100
2021-08-28,2021,8,241,28,1,35,4200
2021-08-29,2021,8,242,29,2,35,13200
2021-08-30,2021,8,243,30,3,35,16200
2021-08-31,2021,8,244,31,4,35,18000
2021-09-01,2021,9,245,1,5,35,17700
2021-09-02,2021,9,246,2,6,35,9600
2021-09-03,2021,9,247,3,7,35,7200
2021-09-04,2021,9,248,4,1,36,7200
2021-09-05,2021,9,249,5,2,36,17100
2021-09-06,2021,9,250,6,3,36,14400
2021-09-07,2021,9,251,7,4,36,15000
2021-09-08,2021,9,252,8,5,36,14400
2021-09-09,2021,9,253,9,6,36,13200
2021-09-10,2021,9,254,10,7,36,4500
2021-09-11,2021,9,255,11,1,37,9000
2021-09-12,2021,9,256,12,2,37,12900
2021-09-13,2021,9,257,13,3,37,15900
2021-09-14,2021,9,258,14,4,37,17700
2021-09-15,2021,9,259,15,5,37,16800
2021-09-16,2021,9,260,16,6,37,10500
2021-09-17,2021,9,261,17,7,37,6900
2021-09-18,2021,9,262,18,1,38,3300
2021-09-19,2021,9,263,19,2,38,7200
2021-09-20,2021,9,264,20,3,38,6600
2021-09-21,2021,9,265,21,4,38,7800
2021-09-22,2021,9,266,22,5,38,7200
2021-09-23,2021,9,267,23,6,38,5700
2021-09-24,2021,9,268,24,7,38,5100
2021-09-25,2021,9,269,25,1,39,5400
2021-09-26,2021,9,270,26,2,39,12900
2021-09-27,2021,9,271,27,3,39,12000
2021-09-28,2021,9,272,28,4,39,17400
2021-09-29,2021,9,273,29,5,39,16500
2021-09-30,2021,9,274,30,6,39,15900
2021-10-01,2021,10,275,1,7,39,11700
2021-10-02,2021,10,276,2,1,40,6600
2021-10-03,2021,10,277,3,2,40,13800
2021-10-04,2021,10,278,4,3,40,16500
2021-10-05,2021,10,279,5,4,40,12900
2021-10-06,2021,10,280,6,5,40,14700
2021-10-07,2021,10,281,7,6,40,8100
2021-10-08,2021,10,282,8,7,40,3600
2021-10-09,2021,10,283,9,1,41,7200
2021-10-10,2021,10,284,10,2,41,12600
2021-10-11,2021,10,285,11,3,41,15900
2021-10-12,2021,10,286,12,4,41,10200
2021-10-13,2021,10,287,13,5,41,14700
2021-10-14,2021,10,288,14,6,41,9600
2021-10-15,2021,10,289,15,7,41,6900
2021-10-16,2021,10,290,16,1,42,6600
2021-10-17,2021,10,291,17,2,42,9600
2021-10-18,2021,10,292,18,3,42,14100
2021-10-19,2021,10,293,19,4,42,12000
2021-10-20,2021,10,294,20,5,42,15000
2021-10-21,2021,10,295,21,6,42,13200
2021-10-22,2021,10,296,22,7,42,7500
2021-10-23,2021,10,297,23,1,43,8700
2021-10-24,2021,10,298,24,2,43,16200
2021-10-25,2021,10,299,25,3,43,13500
2021-10-26,2021,10,300,26,4,43,13500
2021-10-27,2021,10,301,27,5,43,14400
2021-10-28,2021,10,302,28,6,43,9900
2021-10-29,2021,10,303,29,7,43,8700
2021-10-30,2021,10,304,30,1,44,6900
2021-10-31,2021,10,305,31,2,44,15300
2021-11-01,2021,11,306,1,3,44,9300
2021-11-02,2021,11,307,2,4,44,14400
2021-11-03,2021,11,308,3,5,44,14100
2021-11-04,2021,11,309,4,6,44,12000
2021-11-05,2021,11,310,5,7,44,7800
2021-11-06,2021,11,311,6,1,45,9600
2021-11-07,2021,11,312,7,2,45,20700
2021-11-08,2021,11,313,8,3,45,16200
2021-11-09,2021,11,314,9,4,45,12300
2021-11-10,2021,11,315,10,5,45,17700
2021-11-11,2021,11,316,11,6,45,10200
2021-11-12,2021,11,317,12,7,45,7500
2021-11-13,2021,11,318,13,1,46,5400
2021-11-14,2021,11,319,14,2,46,16500
2021-11-15,2021,11,320,15,3,46,14100
2021-11-16,2021,11,321,16,4,46,14100
2021-11-17,2021,11,322,17,5,46,17400
2021-11-18,2021,11,323,18,6,46,10800
2021-11-19,2021,11,324,19,7,46,10800
2021-11-20,2021,11,325,20,1,47,5700
2021-11-21,2021,11,326,21,2,47,15600
2021-11-22,2021,11,327,22,3,47,11400
2021-11-23,2021,11,328,23,4,47,11700
2021-11-24,2021,11,329,24,5,47,11100
2021-11-25,2021,11,330,25,6,47,12000
2021-11-26,2021,11,331,26,7,47,5700
2021-11-27,2021,11,332,27,1,48,4500
2021-11-28,2021,11,333,28,2,48,12600
2021-11-29,2021,11,334,29,3,48,13200
2021-11-30,2021,11,335,30,4,48,10200
2021-12-01,2021,12,336,1,5,48,11100
2021-12-02,2021,12,337,2,6,48,11400
2021-12-03,2021,12,338,3,7,48,6000
2021-12-04,2021,12,339,4,1,49,7500
2021-12-05,2021,12,340,5,2,49,13500
2021-12-06,2021,12,341,6,3,49,5700
2021-12-07,2021,12,342,7,4,49,12900
2021-12-08,2021,12,343,8,5,49,13200
2021-12-09,2021,12,344,9,6,49,12600
2021-12-10,2021,12,345,10,7,49,8100
2021-12-11,2021,12,346,11,1,50,6000
2021-12-12,2021,12,347,12,2,50,16200
2021-12-13,2021,12,348,13,3,50,14700
2021-12-14,2021,12,349,14,4,50,13800
2021-12-15,2021,12,350,15,5,50,12900
2021-12-16,2021,12,351,16,6,50,8700
2021-12-17,2021,12,352,17,7,50,8100
2021-12-18,2021,12,353,18,1,51,6900
2021-12-19,2021,12,354,19,2,51,5400
2021-12-20,2021,12,355,20,3,51,9000
2021-12-21,2021,12,356,21,4,51,9000
2021-12-22,2021,12,357,22,5,51,7200
2021-12-23,2021,12,358,23,6,51,5400
2021-12-24,2021,12,359,24,7,51,3900
2021-12-25,2021,12,360,25,1,52,1200
2021-12-26,2021,12,361,26,2,52,4800
2021-12-27,2021,12,362,27,3,52,5400
2021-12-28,2021,12,363,28,4,52,7500
2021-12-29,2021,12,364,29,5,52,4500
2021-12-30,2021,12,365,30,6,52,6300
2021-12-31,2021,12,366,31,7,52,3600
2022-01-01,2022,1,1,1,1,1,3900
2022-01-02,2022,1,2,2,2,1,9600
2022-01-03,2022,1,3,3,3,1,9000
2022-01-04,2022,1,4,4,4,1,7500
2022-01-05,2022,1,5,5,5,1,8100
2022-01-06,2022,1,6,6,6,1,3300
2022-01-07,2022,1,7,7,7,1,2400
2022-01-08,2022,1,8,8,1,2,3000
2022-01-09,2022,1,9,9,2,2,10200
2022-01-10,2022,1,10,10,3,2,6600
2022-01-11,2022,1,11,11,4,2,8700
2022-01-12,2022,1,12,12,5,2,9000
2022-01-13,2022,1,13,13,6,2,7500
2022-01-14,2022,1,14,14,7,2,4200
2022-01-15,2022,1,15,15,1,3,4200
2022-01-16,2022,1,16,16,2,3,8700
2022-01-17,2022,1,17,17,3,3,7800
2022-01-18,2022,1,18,18,4,3,5700
2022-01-19,2022,1,19,19,5,3,6600
2022-01-20,2022,1,20,20,6,3,5100
2022-01-21,2022,1,21,21,7,3,4800
2022-01-22,2022,1,22,22,1,4,5100
2022-01-23,2022,1,23,23,2,4,6000
2022-01-24,2022,1,24,24,3,4,7800
2022-01-25,2022,1,25,25,4,4,10200
2022-01-26,2022,1,26,26,5,4,9300
2022-01-27,2022,1,27,27,6,4,6300
2022-01-28,2022,1,28,28,7,4,4200
2022-01-29,2022,1,29,29,1,5,5700
2022-01-30,2022,1,30,30,2,5,7800
2022-01-31,2022,1,31,31,3,5,11700
2022-02-01,2022,2,32,1,4,5,10500
2022-02-02,2022,2,33,2,5,5,11400
2022-02-03,2022,2,34,3,6,5,5100
2022-02-04,2022,2,35,4,7,5,3900
2022-02-05,2022,2,36,5,1,6,5400
2022-02-06,2022,2,37,6,2,6,9300
2022-02-07,2022,2,38,7,3,6,10500
2022-02-08,2022,2,39,8,4,6,5400
2022-02-09,2022,2,40,9,5,6,14700
2022-02-10,2022,2,41,10,6,6,12600
2022-02-11,2022,2,42,11,7,6,5100
2022-02-12,2022,2,43,12,1,7,7800
2022-02-13,2022,2,44,13,2,7,10800
2022-02-14,2022,2,45,14,3,7,12600
2022-02-15,2022,2,46,15,4,7,12900
2022-02-16,2022,2,47,16,5,7,14700
2022-02-17,2022,2,48,17,6,7,13800
2022-02-18,2022,2,49,18,7,7,8400
2022-02-19,2022,2,50,19,1,8,6300
2022-02-20,2022,2,51,20,2,8,16200
2022-02-21,2022,2,52,21,3,8,13500
2022-02-22,2022,2,53,22,4,8,11700
2022-02-23,2022,2,54,23,5,8,14400
2022-02-24,2022,2,55,24,6,8,12300
2022-02-25,2022,2,56,25,7,8,6000
2022-02-26,2022,2,57,26,1,9,3900
2022-02-27,2022,2,58,27,2,9,9600
2022-02-28,2022,2,59,28,3,9,9600
2022-03-01,2022,3,60,1,4,9,14400
2022-03-02,2022,3,61,2,5,9,11100
2022-03-03,2022,3,62,3,6,9,12300
2022-03-04,2022,3,63,4,7,9,5400
2022-03-05,2022,3,64,5,1,10,5700
2022-03-06,2022,3,65,6,2,10,15000
2022-03-07,2022,3,66,7,3,10,8700
2022-03-08,2022,3,67,8,4,10,9000
2022-03-09,2022,3,68,9,5,10,20100
2022-03-10,2022,3,69,10,6,10,22500
2022-03-11,2022,3,70,11,7,10,10800
2022-03-12,2022,3,71,12,1,11,14100
2022-03-13,2022,3,72,13,2,11,21300
2022-03-14,2022,3,73,14,3,11,20100
2022-03-15,2022,3,74,15,4,11,20700
2022-03-16,2022,3,75,16,5,11,21300
2022-03-17,2022,3,76,17,6,11,16800
2022-03-18,2022,3,77,18,7,11,7200
2022-03-19,2022,3,78,19,1,12,5100
2022-03-20,2022,3,79,20,2,12,22500
2022-03-21,2022,3,80,21,3,12,25800
2022-03-22,2022,3,81,22,4,12,20100
2022-03-23,2022,3,82,23,5,12,20100
2022-03-24,2022,3,83,24,6,12,17400
2022-03-25,2022,3,84,25,7,12,10200
2022-03-26,2022,3,85,26,1,13,6900
2022-03-27,2022,3,86,27,2,13,17400
2022-03-28,2022,3,87,28,3,13,18900
2022-03-29,2022,3,88,29,4,13,17400
2022-03-30,2022,3,89,30,5,13,12300
2022-03-31,2022,3,90,31,6,13,12600
2022-04-01,2022,4,91,1,7,13,6900
2022-04-02,2022,4,92,2,1,14,5100
2022-04-03,2022,4,93,3,2,14,16200
2022-04-04,2022,4,94,4,3,14,17400
2022-04-05,2022,4,95,5,4,14,16800
2022-04-06,2022,4,96,6,5,14,16800
2022-04-07,2022,4,97,7,6,14,13200
2022-04-08,2022,4,98,8,7,14,8100
2022-04-09,2022,4,99,9,1,15,10500
2022-04-10,2022,4,100,10,2,15,16200
2022-04-11,2022,4,101,11,3,15,16500
2022-04-12,2022,4,102,12,4,15,12600
2022-04-13,2022,4,103,13,5,15,11400
2022-04-14,2022,4,104,14,6,15,10800
2022-04-15,2022,4,105,15,7,15,8700
2022-04-16,2022,4,106,16,1,16,4500
2022-04-17,2022,4,107,17,2,16,14400
2022-04-18,2022,4,108,18,3,16,17100
2022-04-19,2022,4,109,19,4,16,18000
2022-04-20,2022,4,110,20,5,16,20400
2022-04-21,2022,4,111,21,6,16,12900
2022-04-22,2022,4,112,22,7,16,7200
2022-04-23,2022,4,113,23,1,17,3600
2022-04-24,2022,4,114,24,2,17,15900
2022-04-25,2022,4,115,25,3,17,12900
2022-04-26,2022,4,116,26,4,17,11400
2022-04-27,2022,4,117,27,5,17,15600
2022-04-28,2022,4,118,28,6,17,10200
2022-04-29,2022,4,119,29,7,17,8400
2022-04-30,2022,4,120,30,1,18,5400
2022-05-01,2022,5,121,1,2,18,7500
2022-05-02,2022,5,122,2,3,18,14700
2022-05-03,2022,5,123,3,4,18,15900
2022-05-04,2022,5,124,4,5,18,12300
2022-05-05,2022,5,125,5,6,18,13200
2022-05-06,2022,5,126,6,7,18,8100
2022-05-07,2022,5,127,7,1,19,5400
2022-05-08,2022,5,128,8,2,19,18600
2022-05-09,2022,5,129,9,3,19,17700
2022-05-10,2022,5,130,10,4,19,19800
2022-05-11,2022,5,131,11,5,19,27000
2022-05-12,2022,5,132,12,6,19,22800
2022-05-13,2022,5,133,13,7,19,7500
2022-05-14,2022,5,134,14,1,20,9900
2022-05-15,2022,5,135,15,2,20,26700
2022-05-16,2022,5,136,16,3,20,21300
2022-05-17,2022,5,137,17,4,20,20400
2022-05-18,2022,5,138,18,5,20,26100
2022-05-19,2022,5,139,19,6,20,20700
2022-05-20,2022,5,140,20,7,20,8700
2022-05-21,2022,5,141,21,1,21,5100
2022-05-22,2022,5,142,22,2,21,20700
2022-05-23,2022,5,143,23,3,21,18000
2022-05-24,2022,5,144,24,4,21,18000
2022-05-25,2022,5,145,25,5,21,22200
2022-05-26,2022,5,146,26,6,21,15300
2022-05-27,2022,5,147,27,7,21,5700
2022-05-28,2022,5,148,28,1,22,9300
2022-05-29,2022,5,149,29,2,22,19800
2022-05-30,2022,5,150,30,3,22,22500
2022-05-31,2022,5,151,31,4,22,17100
2022-06-01,2022,6,152,1,5,22,17700
2022-06-02,2022,6,153,2,6,22,11100
2022-06-03,2022,6,154,3,7,22,9600
2022-06-04,2022,6,155,4,1,23,9900
2022-06-05,2022,6,156,5,2,23,18600
2022-06-06,2022,6,157,6,3,23,14700
2022-06-07,2022,6,158,7,4,23,16800
2022-06-08,2022,6,159,8,5,23,17100
2022-06-09,2022,6,160,9,6,23,11400
2022-06-10,2022,6,161,10,7,23,7500
2022-06-11,2022,6,162,11,1,24,7800
2022-06-12,2022,6,163,12,2,24,22500
2022-06-13,2022,6,164,13,3,24,16800
2022-06-14,2022,6,165,14,4,24,15000
2022-06-15,2022,6,166,15,5,24,16800
2022-06-16,2022,6,167,16,6,24,16500
2022-06-17,2022,6,168,17,7,24,8700
2022-06-18,2022,6,169,18,1,25,6900
2022-06-19,2022,6,170,19,2,25,15300
2022-06-20,2022,6,171,20,3,25,13500
2022-06-21,2022,6,172,21,4,25,10800
2022-06-22,2022,6,173,22,5,25,12000
2022-06-23,2022,6,174,23,6,25,18900
2022-06-24,2022,6,175,24,7,25,5700
2022-06-25,2022,6,176,25,1,26,6000
2022-06-26,2022,6,177,26,2,26,13500
2022-06-27,2022,6,178,27,3,26,12000
2022-06-28,2022,6,179,28,4,26,9300
2022-06-29,2022,6,180,29,5,26,11400
2022-06-30,2022,6,181,30,6,26,8100
2022-07-01,2022,7,182,1,7,26,6900
2022-07-02,2022,7,183,2,1,27,2700
2022-07-03,2022,7,184,3,2,27,13500
2022-07-04,2022,7,185,4,3,27,11400
2022-07-05,2022,7,186,5,4,27,6900
2022-07-06,2022,7,187,6,5,27,10200
2022-07-07,2022,7,188,7,6,27,12600
2022-07-08,2022,7,189,8,7,27,8100
2022-07-09,2022,7,190,9,1,28,4800
2022-07-10,2022,7,191,10,2,28,14100
2022-07-11,2022,7,192,11,3,28,15000
2022-07-12,2022,7,193,12,4,28,12000
2022-07-13,2022,7,194,13,5,28,12300
2022-07-14,2022,7,195,14,6,28,12300
2022-07-15,2022,7,196,15,7,28,6000
2022-07-16,2022,7,197,16,1,29,9600
2022-07-17,2022,7,198,17,2,29,15300
2022-07-18,2022,7,199,18,3,29,14100
2022-07-19,2022,7,200,19,4,29,15300
2022-07-20,2022,7,201,20,5,29,10800
2022-07-21,2022,7,202,21,6,29,16200
2022-07-22,2022,7,203,22,7,29,7800
2022-07-23,2022,7,204,23,1,30,10200
2022-07-24,2022,7,205,24,2,30,8700
2022-07-25,2022,7,206,25,3,30,10800
2022-07-26,2022,7,207,26,4,30,15000
2022-07-27,2022,7,208,27,5,30,15000
2022-07-28,2022,7,209,28,6,30,9900
2022-07-29,2022,7,210,29,7,30,4500
2022-07-30,2022,7,211,30,1,31,6600
2022-07-31,2022,7,212,31,2,31,11700
2022-08-01,2022,8,213,1,3,31,9600
2022-08-02,2022,8,214,2,4,31,13200
2022-08-03,2022,8,215,3,5,31,15900
2022-08-04,2022,8,216,4,6,31,9900
2022-08-05,2022,8,217,5,7,31,5400
2022-08-06,2022,8,218,6,1,32,2700
2022-08-07,2022,8,219,7,2,32,14100
2022-08-08,2022,8,220,8,3,32,15600
2022-08-09,2022,8,221,9,4,32,13500
2022-08-10,2022,8,222,10,5,32,16800
2022-08-11,2022,8,223,11,6,32,14400
2022-08-12,2022,8,224,12,7,32,10200
2022-08-13,2022,8,225,13,1,33,7200
2022-08-14,2022,8,226,14,2,33,11100
2022-08-15,2022,8,227,15,3,33,10800
2022-08-16,2022,8,228,16,4,33,14700
2022-08-17,2022,8,229,17,5,33,9900
2022-08-18,2022,8,230,18,6,33,13500
2022-08-19,2022,8,231,19,7,33,10200
2022-08-20,2022,8,232,20,1,34,8100
2022-08-21,2022,8,233,21,2,34,11400
2022-08-22,2022,8,234,22,3,34,17100
2022-08-23,2022,8,235,23,4,34,17400
2022-08-24,2022,8,236,24,5,34,14100
2022-08-25,2022,8,237,25,6,34,26700
2022-08-26,2022,8,238,26,7,34,13800
2022-08-27,2022,8,239,27,1,35,7500
2022-08-28,2022,8,240,28,2,35,15600
2022-08-29,2022,8,241,29,3,35,16500
2022-08-30,2022,8,242,30,4,35,19500
2022-08-31,2022,8,243,31,5,35,18900
2022-09-01,2022,9,244,1,6,35,15900
2022-09-02,2022,9,245,2,7,35,11700
2022-09-03,2022,9,246,3,1,36,8100
2022-09-04,2022,9,247,4,2,36,17400
2022-09-05,2022,9,248,5,3,36,21000
2022-09-06,2022,9,249,6,4,36,19500
2022-09-07,2022,9,250,7,5,36,14400
2022-09-08,2022,9,251,8,6,36,14100
2022-09-09,2022,9,252,9,7,36,11100
2022-09-10,2022,9,253,10,1,37,7800
2022-09-11,2022,9,254,11,2,37,21600
2022-09-12,2022,9,255,12,3,37,16800
2022-09-13,2022,9,256,13,4,37,15000
2022-09-14,2022,9,257,14,5,37,18000
2022-09-15,2022,9,258,15,6,37,17700
2022-09-16,2022,9,259,16,7,37,12000
2022-09-17,2022,9,260,17,1,38,12300
2022-09-18,2022,9,261,18,2,38,22500
2022-09-19,2022,9,262,19,3,38,15900
2022-09-20,2022,9,263,20,4,38,15000
2022-09-21,2022,9,264,21,5,38,12900
2022-09-22,2022,9,265,22,6,38,18300
2022-09-23,2022,9,266,23,7,38,6600
2022-09-24,2022,9,267,24,1,39,5100
2022-09-25,2022,9,268,25,2,39,20100
2022-09-26,2022,9,269,26,3,39,16200
2022-09-27,2022,9,270,27,4,39,16800
2022-09-28,2022,9,271,28,5,39,24600
2022-09-29,2022,9,272,29,6,39,21600
2022-09-30,2022,9,273,30,7,39,3300
2022-10-01,2022,10,274,1,1,40,3900
2022-10-02,2022,10,275,2,2,40,21300
2022-10-03,2022,10,276,3,3,40,17100
2022-10-04,2022,10,277,4,4,40,10800
2022-10-05,2022,10,278,5,5,40,12300
2022-10-06,2022,10,279,6,6,40,11400
2022-10-07,2022,10,280,7,7,40,7800
2022-10-08,2022,10,281,8,1,41,12900
2022-10-09,2022,10,282,9,2,41,14400
2022-10-10,2022,10,283,10,3,41,12300
2022-10-11,2022,10,284,11,4,41,9300
2022-10-12,2022,10,285,12,5,41,8100
2022-10-13,2022,10,286,13,6,41,9600
2022-10-14,2022,10,287,14,7,41,5700
2022-10-15,2022,10,288,15,1,42,3000
2022-10-16,2022,10,289,16,2,42,21600
2022-10-17,2022,10,290,17,3,42,16500
2022-10-18,2022,10,291,18,4,42,17400
2022-10-19,2022,10,292,19,5,42,22200
2022-10-20,2022,10,293,20,6,42,18600
2022-10-21,2022,10,294,21,7,42,13800
2022-10-22,2022,10,295,22,1,43,9600
2022-10-23,2022,10,296,23,2,43,27300
2022-10-24,2022,10,297,24,3,43,21600
2022-10-25,2022,10,298,25,4,43,14100
2022-10-26,2022,10,299,26,5,43,22500
2022-10-27,2022,10,300,27,6,43,17400
2022-10-28,2022,10,301,28,7,43,9600
2022-10-29,2022,10,302,29,1,44,9900
2022-10-30,2022,10,303,30,2,44,16200
2022-10-31,2022,10,304,31,3,44,12300
2022-11-01,2022,11,305,1,4,44,11400
2022-11-02,2022,11,306,2,5,44,15300
2022-11-03,2022,11,307,3,6,44,15300
2022-11-04,2022,11,308,4,7,44,16500
2022-11-05,2022,11,309,5,1,45,7200
2022-11-06,2022,11,310,6,2,45,14100
2022-11-07,2022,11,311,7,3,45,12900
2022-11-08,2022,11,312,8,4,45,17100
2022-11-09,2022,11,313,9,5,45,11400
2022-11-10,2022,11,314,10,6,45,11700
2022-11-11,2022,11,315,11,7,45,5700
2022-11-12,2022,11,316,12,1,46,9000
2022-11-13,2022,11,317,13,2,46,15300
2022-11-14,2022,11,318,14,3,46,12300
2022-11-15,2022,11,319,15,4,46,15300
2022-11-16,2022,11,320,16,5,46,16200
2022-11-17,2022,11,321,17,6,46,13200
2022-11-18,2022,11,322,18,7,46,9600
2022-11-19,2022,11,323,19,1,47,9300
2022-11-20,2022,11,324,20,2,47,33000
2022-11-21,2022,11,325,21,3,47,18300
2022-11-22,2022,11,326,22,4,47,19800
2022-11-23,2022,11,327,23,5,47,20400
2022-11-24,2022,11,328,24,6,47,13200
2022-11-25,2022,11,329,25,7,47,10800
2022-11-26,2022,11,330,26,1,48,6900
2022-11-27,2022,11,331,27,2,48,18600
2022-11-28,2022,11,332,28,3,48,26400
2022-11-29,2022,11,333,29,4,48,13200
2022-11-30,2022,11,334,30,5,48,22500
2022-12-01,2022,12,335,1,6,48,12900
2022-12-02,2022,12,336,2,7,48,6900
2022-12-03,2022,12,337,3,1,49,5100
2022-12-04,2022,12,338,4,2,49,26400
2022-12-05,2022,12,339,5,3,49,11400
2022-12-06,2022,12,340,6,4,49,12900
2022-12-07,2022,12,341,7,5,49,23700
2022-12-08,2022,12,342,8,6,49,13800
2022-12-09,2022,12,343,9,7,49,10500
2022-12-10,2022,12,344,10,1,50,15000
2022-12-11,2022,12,345,11,2,50,15600
2022-12-12,2022,12,346,12,3,50,20100
2022-12-13,2022,12,347,13,4,50,13200
2022-12-14,2022,12,348,14,5,50,15300
2022-12-15,2022,12,349,15,6,50,13500
2022-12-16,2022,12,350,16,7,50,15600
2022-12-17,2022,12,351,17,1,51,9600
2022-12-18,2022,12,352,18,2,51,19200
2022-12-19,2022,12,353,19,3,51,24900
2022-12-20,2022,12,354,20,4,51,22500
2022-12-21,2022,12,355,21,5,51,20700
2022-12-22,2022,12,356,22,6,51,14700
2022-12-23,2022,12,357,23,7,51,7200
2022-12-24,2022,12,358,24,1,52,5700
2022-12-25,2022,12,359,25,2,52,9000
2022-12-26,2022,12,360,26,3,52,14100
2022-12-27,2022,12,361,27,4,52,13500
2022-12-28,2022,12,362,28,5,52,17400
2022-12-29,2022,12,363,29,6,52,11100
2022-12-30,2022,12,364,30,7,52,14100
2022-12-31,2022,12,365,31,1,53,5700
2023-01-01,2023,1,1,1,2,0,3600
2023-01-02,2023,1,2,2,3,0,11400
2023-01-03,2023,1,3,3,4,0,15300
2023-01-04,2023,1,4,4,5,0,17700
2023-01-05,2023,1,5,5,6,0,13200
2023-01-06,2023,1,6,6,7,0,8100
2023-01-07,2023,1,7,7,1,1,5400
2023-01-08,2023,1,8,8,2,1,30000
2023-01-09,2023,1,9,9,3,1,22500
2023-01-10,2023,1,10,10,4,1,19800
2023-01-11,2023,1,11,11,5,1,24600
2023-01-12,2023,1,12,12,6,1,16500
2023-01-13,2023,1,13,13,7,1,12600
2023-01-14,2023,1,14,14,1,2,5700
2023-01-15,2023,1,15,15,2,2,20400
2023-01-16,2023,1,16,16,3,2,24900
2023-01-17,2023,1,17,17,4,2,19800
2023-01-18,2023,1,18,18,5,2,20700
2023-01-19,2023,1,19,19,6,2,29400
2023-01-20,2023,1,20,20,7,2,11400
2023-01-21,2023,1,21,21,1,3,15000
2023-01-22,2023,1,22,22,2,3,33300
2023-01-23,2023,1,23,23,3,3,17700
2023-01-24,2023,1,24,24,4,3,20400
2023-01-25,2023,1,25,25,5,3,22200
2023-01-26,2023,1,26,26,6,3,18000
2023-01-27,2023,1,27,27,7,3,17400
2023-01-28,2023,1,28,28,1,4,11400
2023-01-29,2023,1,29,29,2,4,20100
2023-01-30,2023,1,30,30,3,4,15600
2023-01-31,2023,1,31,31,4,4,24000
2023-02-01,2023,2,32,1,5,4,12600
2023-02-02,2023,2,33,2,6,4,22500
2023-02-03,2023,2,34,3,7,4,10800
2023-02-04,2023,2,35,4,1,5,11400
2023-02-05,2023,2,36,5,2,5,17700
2023-02-06,2023,2,37,6,3,5,24300
2023-02-07,2023,2,38,7,4,5,23100
2023-02-08,2023,2,39,8,5,5,15000
2023-02-09,2023,2,40,9,6,5,12900
2023-02-10,2023,2,41,10,7,5,15300
2023-02-11,2023,2,42,11,1,6,8100
2023-02-12,2023,2,43,12,2,6,20100
2023-02-13,2023,2,44,13,3,6,21300
2023-02-14,2023,2,45,14,4,6,20700
2023-02-15,2023,2,46,15,5,6,21600
2023-02-16,2023,2,47,16,6,6,18600
2023-02-17,2023,2,48,17,7,6,10500
2023-02-18,2023,2,49,18,1,7,13800
2023-02-19,2023,2,50,19,2,7,27300
2023-02-20,2023,2,51,20,3,7,18600
2023-02-21,2023,2,52,21,4,7,23400
2023-02-22,2023,2,53,22,5,7,26400
2023-02-23,2023,2,54,23,6,7,16800
2023-02-24,2023,2,55,24,7,7,11400
2023-02-25,2023,2,56,25,1,8,9000
2023-02-26,2023,2,57,26,2,8,18000
2023-02-27,2023,2,58,27,3,8,16800
2023-02-28,2023,2,59,28,4,8,12900
2023-03-01,2023,3,60,1,5,8,14400
2023-03-02,2023,3,61,2,6,8,18600
2023-03-03,2023,3,62,3,7,8,11100
2023-03-04,2023,3,63,4,1,9,6000
2023-03-05,2023,3,64,5,2,9,25500
2023-03-06,2023,3,65,6,3,9,22800
2023-03-07,2023,3,66,7,4,9,10500
